{
    "center": [
        31.999998092651367,
        194.91930389404297,
        192.0251007080078
    ],
    "scale": 0.016932818779397948,
    "radius": 236.22765070082568
}