{
    "center": [
        31.999998092651367,
        66.9193115234375,
        65.19868469238281
    ],
    "scale": 0.016127697128672038,
    "radius": 248.02053064902526
}