{
    "center": [
        31.999996185302734,
        194.9193115234375,
        64.02510833740234
    ],
    "scale": 0.016926671426281424,
    "radius": 236.31344280656066
}