{
    "center": [
        58479.99609375,
        58479.99609375,
        58479.99609375
    ],
    "scale": 1.0220879298404218e-05,
    "radius": 391355.7613995616
}