{
    "center": [
        31.999998092651367,
        127.99999237060547,
        127.99999237060547
    ],
    "scale": 0.008664349110308306,
    "radius": 461.66191471221396
}