{
    "center": [
        31.999996185302734,
        66.9193115234375,
        193.19867706298828
    ],
    "scale": 0.0163875615966084,
    "radius": 244.08756460923675
}